20,4411,0.0344910981669614,-0.24523917140466,12.2476073944573,0.0865809569952312
42,4432,0.0258157198998093,-0.413113250816763,12.2053058272404,-0.0423015672168674
106,4497,0.0319042347842859,0.0936694597611775,12.2955508026172,0.0902449753767609
137,4528,0.0562301098248938,0.784705646471224,12.2138937840216,-0.0816570185955641
176,4566,0.0754506837706451,0.505804577519769,12.3532738485985,0.139380064576867
208,4598,0.0671207651849298,-0.260309955803602,12.0568664136915,-0.296407434906962
241,4632,0.0241607222573647,-1.26353067434015,12.0941370732261,0.0372706595345864
275,4666,0.0687422796511642,1.31122227628822,12.1402246492393,0.0460875760132051
313,4704,0.0285375478112064,-1.05801925894626,12.188293435739,0.0480687864996767
341,4732,0.0645335953397906,1.28557312602087,12.1710445686382,-0.0172488671008502
375,4766,0.0218379306389357,-1.25575484414279,13.1270496324224,0.95600506378422
406,4797,0.0500045663946574,0.908601153410377,12.7265742763781,-0.400475356044229
444,4835,0.0650252426741415,0.395280954723267,12.6000454541197,-0.126528822258495
476,4866,0.0566205075697792,-0.271120487237494,12.350844997961,-0.249200456158677
512,4902,0.0778587545870086,0.589951306034151,12.2144325824166,-0.136412415544385
546,4936,0.0340904304958999,-1.28730364973849,12.0491397157102,-0.165292866706348
581,4972,0.0464960762037968,0.344601269663801,11.7043315398361,-0.344808175874107
616,5006,0.0463943101163629,-0.00299312021864198,11.61348518276,-0.0908463570761775
651,5041,0.0262027717509298,-0.576901096155232,11.5611525184677,-0.052332664292269
684,5075,0.00884334707637427,-0.510571313957516,11.5573718520966,-0.00378066637111019
717,5108,0.100613801918175,2.78092287399396,12.6130840174601,1.05571216536353
756,5147,0.0306808640177659,-1.79315225385664,12.8051111007038,0.192027083243699
791,5181,0.0368672030721786,0.181951148659197,13.2104283983898,0.405317297685995
824,5215,0.0183827161062132,-0.543661381351926,13.5409564493527,0.330528050962915
857,5247,0.0243211079985953,0.185574746636943,13.5762034116892,0.0352469623365188
891,5282,0.0230506488783525,-0.0362988320069364,13.6257440096062,0.0495405979170052
926,5317,0.0646969372695292,1.18989395403362,12.903360447289,-0.722383562317267
961,5352,0.0660561505603295,0.0388346654514359,12.7593085615402,-0.1440518857488
993,5384,0.0808281006833982,0.461623441345898,12.6830425496153,-0.0762660119249219
1028,5419,0.10120176757615,0.582104768364349,12.6715833728858,-0.0114591767294971
1059,5450,0.143489026811419,1.36410513662157,13.0476923671515,0.376108994265737
1097,5488,0.0790928571344289,-1.69463604413132,13.4941702311456,0.44647786399412
1133,5524,0.122224841570607,1.19811067878271,13.7724861778225,0.2783159466769
1169,5559,0.21908595116111,2.76746027401438,14.243416232026,0.470930054203507
1208,5598,0.155483267353692,-1.63083804634404,14.2229221772448,-0.02049405478121
1242,5632,0.181028173462424,0.751320767903883,14.6305513116132,0.407629134368396
1276,5666,0.190687247195136,0.284090403903273,14.9570176258759,0.326466314262678
1310,5701,0.208692042122962,0.514422712223612,14.7777274260074,-0.179290199868495
1346,5736,0.421371561057812,6.07655768385285,15.1057938659791,0.328066439971684
1380,5771,0.239463120514701,-5.19738401551744,15.0028180538665,-0.102975812112593
1419,5810,0.201641967009729,-0.969773166794159,14.9059282321463,-0.0968898217202216
1453,5844,0.223245792565138,0.635406633982621,15.2277851892228,0.321856957076498
1486,5877,0.155427890121706,-2.05508795283128,15.5557851228212,0.327999933598422
1522,5913,0.141679314790786,-0.381904870303323,15.7332788401423,0.177493717321068
1558,5949,0.155240229626316,0.376692078764719,15.8465082174236,0.113229377281357
1588,5979,0.137788328623781,-0.58173003341783,16.0372045428777,0.190696325454056
1625,6016,0.0530334460320576,-2.29067250247901,16.1868244141477,0.149619871270069
1660,6050,0.150991526297199,2.88112000779828,16.4790868080767,0.292262393928961
1693,6084,0.146929632217418,-0.119467472934756,16.7024214561657,0.223334648088994
1724,6115,0.113522170383012,-1.07766005917436,16.894643885323,0.192222429157326
1756,6146,0.139444843659469,0.836215266982478,17.1786975697814,0.284053684458407
1782,6173,0.243406048717421,3.85041500214637,17.2051297620617,0.026432192280275
1817,6207,0.129816304246615,-3.34087483737666,17.4082781643026,0.203148402240871
1850,6241,0.0889727998797927,-1.20127954020065,17.5004350011062,0.0921568368035928
1885,6276,0.170886318663806,2.34038625097181,17.5869965254085,0.0865615243023221
1922,6313,0.133261734240924,-1.01688066007788,17.7585901971787,0.171593671770228
1951,6342,0.166715047811529,1.15356253691739,17.9085307148226,0.14994051764392
1985,6376,0.169365118514886,0.077943255981105,17.7497261796165,-0.158804535206109
2014,6405,0.238543516934529,2.38546201447046,17.726875403617,-0.022850775999526
2049,6440,0.121059277785408,-3.35669254711775,17.596441625495,-0.130433778121965
2082,6472,0.0891190431991042,-0.998132330821999,17.4771002010955,-0.119341424399504
2117,6507,0.0919553488675377,0.0810373048123841,17.5655788634474,0.0884786623519176
2150,6541,0.078338487571166,-0.400495920481519,17.5338669661311,-0.0317118973163559
2185,6576,0.0998145206681297,0.613600945627532,17.5202011536104,-0.0136658125206921
2219,6609,0.102115953088558,0.0697403763766243,17.4211965796811,-0.0990045739293208
2253,6644,0.142358996538018,1.14980124141313,17.2653363278296,-0.155860251851454
2282,6673,0.241734285899773,3.4267341159226,17.0889059808499,-0.176430346979767
2316,6707,0.202548099959296,-1.15253488060226,16.9043567627684,-0.184549218081493
2346,6736,0.292313201186918,3.09534831819386,17.1673562158277,0.262999453059301
2378,6769,0.236397224974092,-1.6944235216008,17.0183382393062,-0.149017976521471
2407,6798,0.321432796922171,2.93226110165792,16.9746408876529,-0.0436973516533001
2445,6836,0.22957174494464,-2.41739610467189,16.9037001158563,-0.0709407717966251
2476,6867,0.260465600431937,0.996575983461201,16.5665770524418,-0.337123063414495
2509,6900,0.242060344017437,-0.557735042863624,16.6441650845617,0.0775880321199125
2543,6934,0.23026778992654,-0.346839826202881,16.6716186489897,0.0274535644280327
2575,6966,0.201214831157058,-0.907904961546302,16.6113219388774,-0.0602967101122793
2610,7001,0.193758358166693,-0.213042085438995,16.632894481696,0.0215725428185678
2644,7035,0.147565812086185,-1.35860429648554,16.6477637273702,0.0148692456741948
2678,7069,0.164624933428383,0.501738863005816,16.5960276276039,-0.0517360997662486
2712,7103,0.122900441731657,-1.22719093225665,16.6872678577331,0.091240230129138
2744,7134,0.16825309132268,1.46298869648464,16.7202920329526,0.0330241752194773
2780,7171,0.078905257592255,-2.41480631703852,16.7408515633949,0.0205595304423234
2810,7201,0.142175898022137,2.10902134766274,16.8449862603231,0.104134696928231
2844,7234,0.123011130643339,-0.58075052663026,16.7700222483739,-0.0749640119492589
2879,7269,0.104538248605562,-0.527796629650757,16.80140417475,0.0313819263761665
2912,7303,0.0236144662922344,-2.38011124450964,16.9706430650414,0.169238890291389
2946,7337,0.071272781004661,1.40171513860078,17.1442389463183,0.173595881276853
2980,7371,0.131488535649052,1.77105160718796,17.1131373717805,-0.031101574537729
3014,7404,0.0741892421253663,-1.73634222799046,17.2103067831697,0.0971694113891814
3054,7445,0.038758131762649,-0.864173423480909,17.4041342144467,0.193827431276972
3080,7471,0.154578160298253,4.4546164821386,17.4375853093098,0.0334510948631248
3115,7505,0.0274333612382242,-3.73955291353025,17.5379188907174,0.100333581407579
3149,7539,0.0991220600127288,2.10849114042661,17.5489027084306,0.0109838177131856
3185,7576,0.0453545962330303,-1.45317469674861,17.6768948723917,0.127992163961142
3213,7604,0.0725154985404615,0.9700322252654,17.7263884704543,0.0494935980625897
3248,7639,0.0495426172192317,-0.656368037749425,17.747200499358,0.0208120289036415
3279,7670,0.0925320840026724,1.38675699301422,17.8206899811504,0.0734894817924392
3309,7700,0.0598277062947924,-1.090145923596,17.7806528554145,-0.0400371257359105
3343,7733,0.120319954193558,1.83309842117471,17.9278877726967,0.147234917282244
3380,7771,0.0717626507968914,-1.27782377359649,17.9537435058448,0.0258557331480702
3411,7802,0.0685055618959773,-0.105067383900454,17.9794145927624,0.0256710869176509
3448,7839,0.0741715131612595,0.153133817980599,18.0545062362237,0.0750916434612456
3479,7870,0.114691463608754,1.30709517572563,18.0508953005741,-0.00361093564962545
3511,7902,0.112363468723563,-0.0727498401622111,17.881098341735,-0.169796958839061
3542,7932,0.073010634444081,-1.31176114264941,17.8963397604139,0.0152414186789365
3582,7973,0.0327583008020124,-0.981764235172404,17.6089673882656,-0.287372372148358
3612,8003,0.164795281782994,4.40123269936606,17.7186680216264,0.10970063336082
3645,8036,0.138103689375886,-0.808836133548738,17.6694112494184,-0.0492567722079933
3674,8064,0.0925993950911771,-1.62515336731103,17.5959576144764,-0.0734536349420161
3711,8102,0.0816489165407003,-0.288170488170442,17.567824153254,-0.0281334612223532
3740,8131,0.0624068798801586,-0.663518505535918,17.5242256591494,-0.043598494104657
3777,8167,0.0718241629305988,0.261591195845559,17.5637877421817,0.0395620830322727
3806,8196,0.0373881933771014,-1.18744722598267,17.4472876361795,-0.116500106002157
3843,8234,0.0971789786092933,1.57344171663663,17.375463556669,-0.0718240795104883
3873,8263,0.0758160105885591,-0.73665406968049,17.3099225308694,-0.0655410257996643
3909,8300,0.0773382007762844,0.0411402753439278,17.3404245594439,0.0305020285745954
3939,8329,0.140125243314151,2.16507043234023,17.0319885330524,-0.308436026391586
3978,8369,0.024604781311047,-2.8880115500776,16.8573408478395,-0.174647685212829
4008,8398,0.0813087950424616,1.95531081832464,16.8730713372062,0.0157304893667138
4047,8438,0.0332348982367503,-1.20184742014278,17.0351006484673,0.162029311261037
4075,8466,0.0632022195285268,1.0702614747063,17.162170679645,0.127070031177674
4115,8506,0.0820526168535508,0.4712599331256,17.2631578249433,0.10098714529834
4144,8535,0.104928022373264,0.788807086886653,17.144601486515,-0.11855633842826
4177,8568,0.143225366112537,1.16052556785676,17.2176653628055,0.0730638762904938
4209,8600,0.0874894100289203,-1.74174862761302,17.2632554807564,0.0455901179509155
4247,8637,0.0389605898786674,-1.31158973379062,17.0772751680669,-0.185980312689537
4281,8672,0.0778286791848484,1.11051683731946,17.044319233008,-0.0329559350589363
4311,8702,0.0865270810031483,0.289946727276663,16.950619985196,-0.0936992478119869
4346,8736,0.158107133534228,2.10529566267883,16.7405281546742,-0.210091830521751
4379,8770,0.180515509353262,0.659069877030389,16.6700068764378,-0.0705212782364057
4411,8802,0.286653055719585,3.31679832394762,16.425121369965,-0.244885506472823
4446,8837,0.320193755017785,0.958305694234286,16.2062256447809,-0.218895725184126
4482,8873,0.159347395382159,-4.46795443432296,16.3138750742466,0.10764942946577
4517,8908,0.131138248255257,-0.805975632197207,16.3232334270502,0.00935835280352748
4546,8937,0.212043949049171,2.7898517515143,15.9360464880187,-0.387186939031446
4580,8970,0.103174914198712,-3.29906166213513,15.9888512864178,0.0528047983991087
4615,9006,0.137218289585051,0.945649316287213,16.1126123248417,0.123761038423831
4652,9043,0.279032913850845,3.83282768285929,16.2006482815457,0.0880359567040472
4683,9073,0.553107612949957,9.13582330330374,16.5874198126929,0.386771531147179
4721,9112,1.11625231908919,14.4396078497238,18.3394892664041,1.75206945371124
4749,9139,2.70512072721982,58.8469780789123,19.7463020158092,1.40681274940511
4786,9176,1.51294772810656,-32.220891867926,19.6575575862675,-0.0887444295417801
4815,9205,0.412366162334962,-37.9510884748826,19.7835583682529,0.126000781985386
4848,9239,0.597261186498927,5.43808894599896,19.4362273502803,-0.347331017972518
4883,9273,0.807129476174505,6.17259675516407,19.2763893605139,-0.159837989766459
4915,9306,0.91993866791393,3.41846035574015,19.6208804336919,0.344491073177984
4951,9342,0.775041885623985,-4.02491061916512,19.7317897350556,0.110909301363744
4978,9369,0.881562464645881,3.94520663044058,19.8242547005698,0.0924649655142389
5012,9402,0.535799731172033,-10.4776585901166,19.7099811874938,-0.114273513076043
5048,9439,0.356867182194572,-4.83601483722867,19.577375076691,-0.132606110802847
5081,9472,0.279899865135251,-2.33234294119153,19.4119011130715,-0.165473963619426
5114,9505,0.198505192812936,-2.46650522188834,19.0855503983301,-0.326350714741423
5149,9540,0.171644124363924,-0.767459098543205,18.8924674897962,-0.193082908533949
5183,9574,1.11956734092305,27.8800946046801,18.8561819050702,-0.0362855847259738
5214,9605,2.19065701016833,34.5512796530737,19.0014377294093,0.145255824339131
5247,9638,1.4566824128272,-22.241654464883,18.9722948003266,-0.0291429290826741
5283,9674,0.170908436874017,-35.7159437764772,18.6817328194511,-0.29056198087557
5315,9705,0.673263285992185,16.2049951328441,18.2385805191531,-0.44315230029796
5347,9738,0.753815093812432,2.44096387334083,18.5041510281465,0.26557050899341
5380,9771,0.843555028828074,2.71939197017095,18.5955160383749,0.0913650102284151
5415,9806,0.82445232480089,-0.545791543633818,18.9158173642245,0.320301325849535
5447,9838,0.582104971459929,-7.57335479190503,19.059573569787,0.143756205562546
5481,9872,0.498824629403858,-2.44942182517857,19.2971257124713,0.23755214268429
5511,9902,0.4021969803872,-3.22092163388858,19.3280188925846,0.0308931801133241
5544,9935,0.227215704724132,-5.30246289888087,19.1312294206664,-0.196789471918276
5571,9962,0.297258941193095,2.59419394329494,19.1106389116064,-0.0205905090599074
5611,10002,0.0875195720617751,-5.243484228283,18.9576716368107,-0.15296727479571
5641,10032,0.859179022274294,25.7219816737506,19.0232673982033,0.0655957613926006
5679,10069,1.92695788816525,28.8588882673232,19.4697067772148,0.446439379011501
5708,10098,2.33407773128421,14.0386152799642,18.7965802168644,-0.673126560350482
5745,10136,0.605778375303491,-45.4815619994927,18.7748889826659,-0.0216912341984177
5774,10165,0.710944916902179,3.62643246892028,18.3534247208698,-0.421464261796103
5807,10198,0.803152254330635,2.79416174025623,18.2519505649632,-0.101474155906679
5842,10233,0.889133727813875,2.45661352809258,18.5534055441269,0.301454979163704
5876,10267,0.72311940660012,-4.88277415334575,18.710092280156,0.156686736029158
5909,10300,0.720984082337794,-0.0647067958280401,18.9373530604322,0.227260780276175
5944,10335,0.572541303608602,-4.2412222494055,19.2563300663523,0.318977005920143
5981,10371,0.48047195757617,-2.55748183423421,19.5477569056405,0.291426839288182
6016,10407,0.372797405891327,-2.99095976902342,19.8016842409343,0.253927335293739
6047,10438,0.289227378581625,-2.69580733257104,19.5991177113692,-0.202566529565068
6081,10472,0.155523719772651,-3.93246055320514,19.4806989720507,-0.118418739318461
6116,10507,0.140391832737778,-0.432339629567787,19.2616442984965,-0.219054673554211
6149,10540,0.678452691206648,16.3048744990567,19.1260450444463,-0.135599254050213
6184,10575,1.88850941633928,34.5730492895039,18.3721711338772,-0.753873910569091
6218,10609,2.4558658699446,16.6869545178033,17.9078980623464,-0.464273071530847
6248,10639,1.20018742032948,-41.8559483205038,18.0982065485469,0.190308486200536
6283,10674,0.476007361074244,-20.690858835864,17.6921598620343,-0.406046686512596
6312,10703,1.0802137816145,20.8347041565605,17.6369001392883,-0.0552597227459728
6348,10738,0.923758318442838,-4.47015609061889,17.8885474064086,0.251647267120219
6377,10768,0.953628658313197,0.995677995678612,18.2142025974215,0.325655191012977
6409,10800,0.861441878795632,-2.8808368599239,18.6026622620292,0.388459664607652
6444,10835,0.687867379154154,-4.95927141832793,18.7458200737452,0.143157811716019
6479,10870,0.562957475290388,-3.56885439610761,18.8187351288444,0.0729150550992372
6511,10902,0.413334065066737,-4.67573156948909,18.8794105806908,0.0606754518463823
6545,10936,0.310275422029538,-3.03113655991762,18.871935322705,-0.0074752579858206
6579,10969,0.163614494817325,-4.44427052158221,18.7923615315908,-0.0795737911141678
6614,11005,0.0712573520980439,-2.5654761866467,18.6627428409339,-0.129618690656951
6644,11035,0.580901022533024,16.9881223478327,18.484065669728,-0.178677171205834
6680,11071,1.56428613830034,27.3162532157587,17.984289486127,-0.499776183601053
6710,11101,2.50514490850183,31.3619590067164,17.4487260873321,-0.53556339879486
6744,11134,1.25669619065479,-37.8317793286982,17.6443691794995,0.195643092167359
6807,11197,0.695633643065087,-8.90575472364605,17.9221555670285,0.277786387529037
6837,11228,1.16305904719678,15.0782388429578,18.4539517843882,0.531796217359656
6878,11269,0.769809444034614,-9.59145373566254,18.7965788296105,0.342627045222287
6907,11298,1.00454059210415,8.09417751963923,18.7655961288206,-0.0309827007899131
6945,11336,0.580355972445697,-11.1627531489067,18.6408500426653,-0.124746086155284
6974,11364,0.591382049001348,0.39378844841612,18.3643352328437,-0.276514809821592
7008,11399,0.41500647189357,-5.03930220307936,18.4731084038476,0.108773171003882
7039,11430,0.323013416549483,-2.96751791432538,18.3629345681148,-0.11017383573272
7079,11470,0.194401748277112,-3.21529170680928,18.2863670380702,-0.0765675300445992
7111,11502,0.259821075908818,2.0443539884908,18.1278841019161,-0.158482936154144
7146,11537,0.607408827648625,9.93107862113735,18.3335633807744,0.205679278858291
7179,11569,1.73604358251198,35.2698360894798,18.2499603072561,-0.083603073518308
7214,11605,1.69175710344711,-1.23017997402421,18.0585923060208,-0.191368001235308
7244,11635,1.12557150377457,-18.8728533224177,17.9561569086307,-0.102435397390082
7278,11669,0.163662442322412,-28.2914429838871,17.6619020506199,-0.294254858010767
7312,11703,0.609521383097301,13.113498258085,17.2356374494217,-0.426264601198266
7350,11740,0.735782747977198,3.41246932107829,17.1376413163812,-0.0979961330404997
7379,11770,1.07317658267923,11.2464611567346,17.3546432986141,0.21700198223289
7415,11805,0.787682314130989,-8.15697910137844,17.4032487499869,0.048605451372886
7444,11834,0.77266420085308,-0.517865975100323,17.4075802825859,0.00433153259897168
7473,11864,0.608274714033981,-5.47964956063663,17.4571251072373,0.0495448246513632
7508,11899,0.341792711892312,-7.61377148976198,17.3758451005539,-0.0812800066833432
7544,11934,0.223404838446023,-3.38251066989397,17.2515846790419,-0.124260421511991
7577,11968,0.0613689287968104,-4.76576204850625,17.187668895774,-0.0639157832679658
7609,12000,0.22339166336744,5.06321045533218,17.514667972225,0.326999076451045
7644,12035,0.834689234305595,17.4656448839473,17.2761869917625,-0.238480980462484
7678,12069,1.61932297391936,23.0774629298167,17.2959981018578,0.0198111100952332
7710,12100,1.86695987227043,7.98828704358287,16.8274247227073,-0.468573379150499
7749,12139,0.771371958548066,-28.091997787753,16.5665635422709,-0.260861180436336
7781,12172,0.31055319126267,-13.9642050692544,16.1219984043455,-0.444565137925416
7814,12204,0.700096133022087,12.1732169299818,15.7093894882021,-0.41260891614338
7843,12233,0.973229075357906,9.41837732192478,15.6178675744324,-0.0915219137697498
7880,12270,0.795815754299247,-4.79495462320701,15.8794324805686,0.261564906136213
7911,12301,0.897669830386085,3.28561535763994,16.1757415146767,0.296309034108058
7951,12342,0.488170564739814,-9.9877869669822,16.2121830276126,0.0364415129359372
7979,12370,0.697846730249146,7.48843448247611,16.571140497168,0.358957469555357
8013,12404,0.287188519159244,-12.0781826791147,16.6448207919217,0.0736802947537463
8043,12434,0.297247653080176,0.335304464031074,16.7315913599235,0.0867705680018069
8079,12470,0.105994207296226,-5.31259571622084,16.8324738388914,0.100882478967943
8108,12499,0.101398457012518,-0.158474147714073,17.065344374616,0.232870535724597
8148,12539,0.660360654633474,13.9740549405239,17.0574131658529,-0.00793120876313225
8178,12568,2.10041306524585,49.6569796762887,16.9498133489839,-0.107599816869062
8213,12603,1.80456342357227,-8.45284690495944,17.131034709969,0.18122136098518
8241,12632,0.750321707943082,-36.3531626079029,17.0449554130944,-0.0860792968746225
8280,12670,0.45052631188274,-7.88935252790374,16.6211789646576,-0.423776448436843
8312,12703,0.943417806344771,14.9361058927888,16.4405301365603,-0.180648828097308
8349,12740,0.93236337066382,-0.298768531917615,16.8274691857789,0.386939049218689
8378,12769,1.16365475374078,7.97556493368817,17.1435954395256,0.316126253746695
8414,12804,0.850054259321028,-8.96001412627852,17.3644185456794,0.220823106153773
8448,12839,0.702575937715057,-4.21366633159918,17.4503995658323,0.085981020152925
8480,12870,0.520971862200913,-5.85819598432723,17.4549742953651,0.00457472953275939
8512,12903,0.350293732353364,-5.17206454083482,17.574243286706,0.119268991340896
8546,12936,0.239686503578408,-3.3517342053017,17.7042825132804,0.130039226574429
8576,12967,0.121205508619817,-3.82196757930938,17.7810735272269,0.0767910139465044
8612,13003,0.268153073549655,4.08187680360661,18.031739168412,0.250665641185069
8642,13033,1.64502202320973,45.8956316553359,17.3167191619696,-0.715020006442408
8675,13066,2.38393178566409,22.3912049228594,17.3638319726642,0.0471128106946317
8705,13096,2.0675151460766,-10.547221319583,16.9232260335511,-0.440605939113144
8746,13137,0.285682611112395,-43.4593301210782,16.5493471757987,-0.373878857752388
8776,13166,0.713701310910429,14.759265510277,16.3350191077143,-0.214328068084367
8809,13200,0.90678110965275,5.67881761006829,16.4056213905039,0.0706022827895474
8846,13237,0.819435743584218,-2.36068556941979,16.7057741010958,0.300152710591977
8876,13267,1.02915055939656,6.99049386041139,17.021780203987,0.316006102891194
8908,13299,0.832189197310187,-6.15504256519915,17.3496055627742,0.327825358787113
8943,13334,0.743262781203454,-2.54075474590667,17.4273188354479,0.0777132726737158
8978,13369,0.521585223135927,-6.33364451621504,17.7105617990206,0.28324296357269
9011,13402,0.317621632006825,-6.18071488270006,17.8125316626398,0.10196986361926
9046,13437,0.128551515612774,-5.40200332554431,17.7266869193749,-0.0858447432649356
9075,13466,0.256260359029655,4.40375322127175,17.8983605745547,0.17167365517977
9108,13499,0.999714904623793,22.5289256240648,17.5216191089698,-0.376741465584875
9143,13534,1.56349351093568,16.1079601803397,17.4589202540303,-0.0626988549394873
9178,13569,1.68562454334395,3.4894580688076,17.3929667025988,-0.0659535514314555
9216,13607,0.540099722317647,-30.1453900270079,16.7992360739636,-0.59373062863526
9244,13635,0.554200787928074,0.503609486086671,16.4584303917401,-0.340805682223518
9280,13670,0.834058911794213,7.99594639617542,16.7835825977578,0.325152206017762
9313,13704,0.998386249105139,4.83315697973311,17.2560598769335,0.472477279175713
9344,13734,1.1960174481033,6.58770663327204,17.6743093922689,0.418249515335358
9377,13768,0.836610569327342,-10.5707905522341,17.9140839616887,0.239774569419776
9412,13803,0.549232426985513,-8.2108040669094,17.9897633558474,0.0756793941587759
9450,13841,0.781000754117308,6.09916650346829,18.6392276326916,0.64946427684411
9477,13868,0.65868861945921,-4.53007906141104,19.0975040857294,0.458276453037826
9511,13902,0.888686273819001,6.76463689293504,17.8617085258814,-1.23579555984803
9546,13936,0.153792423436992,-21.6145250112356,18.0246028234537,0.162894297572308
9575,13966,0.619092557117759,15.5100044560256,18.1690442023004,0.144441378846729
9612,14003,1.47169255171919,23.0432430973359,17.7503026217454,-0.418741580554943
9647,14038,1.95762893062851,13.8838965402665,17.879633282637,0.12933066089154
9681,14072,1.4067801514017,-16.2014346831414,17.7655160364881,-0.114117246148883
9716,14107,0.154021842615211,-35.7930945367569,17.4995411445722,-0.265974891915903
9748,14139,0.72561635379772,17.8623284744534,17.2078188546456,-0.291722289926575
9783,14173,1.01996805345384,8.65740293106242,17.3350294084149,0.12721055376932
9817,14207,0.94780076319934,-2.12256736042656,17.4187373074344,0.0837078990194371
9850,14241,1.03426244496537,2.54299064017729,17.7877646856377,0.369027378203342
9889,14279,0.695533610669997,-8.91391669198345,17.7623868030037,-0.0253778826339932
9921,14312,0.691202531660218,-0.131244818478142,17.8244374112024,0.0620506081986996
9956,14347,0.730732586224683,1.12943013041329,18.4401650881744,0.615727676971929
9989,14380,0.572497724117006,-4.79499582144476,18.0244007356288,-0.415764352545608
10023,14414,0.202264228425024,-10.8892204615289,17.7734899379213,-0.250910797707405
10056,14447,0.0833790198185201,-3.60258207898496,17.798522346433,0.0250324085116276
10089,14480,0.28222857159091,6.02574399310271,18.1806577930796,0.382135446646657
10123,14514,0.795209310863586,15.0876688021375,18.0849758565295,-0.0956819365501076
10154,14545,2.04140917192175,40.1999955180054,17.9943872481413,-0.0905886083882024
10189,14580,2.50674281687456,13.2952469986517,18.5605721539964,0.566184905855113
10218,14609,1.71835989788651,-27.1856178961397,18.457903547512,-0.102668606484396
10253,14643,0.268245693138703,-42.6504177867002,17.6864437883676,-0.771459759144417
10284,14675,0.795609008682269,16.4801036107364,17.2494893100959,-0.436954478271673
10320,14711,0.951729764504222,4.33668766172092,17.4497674586068,0.200278148510844
10349,14740,1.08869292681008,4.72286766571929,17.6784996631661,0.228732204559332
10407,14798,0.972993968728115,-1.99480962210286,18.1878241258914,0.509324462725321
10441,14832,0.48651552819384,-14.3081894274787,17.994713458131,-0.193110667760436
10475,14865,0.328508367699043,-4.78809577256959,17.9108435752264,-0.0838698829046116
10508,14899,0.223885752145333,-3.07713575157969,17.9159944752068,0.00515089998040708
10541,14932,0.180022377043993,-1.3291931848891,17.8835986495437,-0.0323958256631371
10574,14964,0.146724325823575,-1.04056410063808,17.8461464710493,-0.0374521784944051
10610,15001,0.258313758359682,3.01593060908398,17.7297293002821,-0.116417170767168
10645,15036,0.885279098427426,17.913295430507,17.2142124102279,-0.515516890054212
10678,15069,2.09450891286237,36.64332771015,17.3544760698404,0.140263659612536
10716,15107,2.10906367635175,0.383020091825769,17.4052305252165,0.0507544553760937
10744,15134,1.07951203976583,-38.1315420957751,16.9776686816604,-0.427561843556092
10781,15171,0.43029521216071,-17.5464007460842,16.8195950038375,-0.158073677822951
10841,15232,0.8661908401689,7.14582996734738,17.1273566061687,0.307761602331233
10873,15264,0.780103914009368,-2.69021644248538,17.3365637697124,0.209207163543695
10910,15301,0.694091818433061,-2.32465123179209,17.6564179325141,0.319854162801693
10942,15332,0.640655844189743,-1.72374110462318,17.7533558632927,0.0969379307785765
10974,15365,0.520441163817529,-3.64286910218828,17.7763504426876,0.0229945793949646
11010,15400,0.330442667091841,-5.42852847787682,17.6486688557505,-0.127681586937147
11042,15433,0.337714491492879,0.220358315182984,17.6803191787152,0.0316503229646692
11080,15470,0.14314395450397,-5.25866316186241,17.5763652481017,-0.10395393061345
11113,15504,0.13402089172255,-0.268325375924117,17.4789959331998,-0.0973693149019041
11148,15538,0.178075051454656,1.29571058035607,17.1880740603985,-0.290921872801267
11181,15572,0.686131630308379,14.9428405545213,16.7999759890384,-0.388098071360091
11214,15605,1.87107420540332,35.9073507604526,16.3392167644336,-0.460759224604882
11256,15647,1.44291740188606,-10.1942096075537,16.1208249699439,-0.218391794489623
11287,15677,0.235900360677278,-40.2339013736261,15.6416173221452,-0.479207647798747
11321,15712,0.928588230761877,19.7910820024171,15.4169445595202,-0.224672762624966
11355,15746,1.04160165988706,3.3239243860348,15.835136941496,0.418192381975743
11389,15780,0.867613555849032,-5.11729717758907,16.2855118076379,0.450374866141948
11422,15813,0.779172183870798,-2.680041575098,16.7280459189853,0.44253411134741
11455,15845,0.661476608059591,-3.67798674410023,17.1650768355578,0.437030916572514
11488,15879,0.392367746666379,-7.91496651156504,17.2951104104531,0.130033574895251
11520,15911,0.240364068686407,-4.75011493687412,17.3730191037898,0.0779086933366884
11554,15945,0.153752662320469,-2.54739430488053,17.4417789241378,0.0687598203479887
11590,15981,0.150124218626112,-0.100790102621041,17.7349166059086,0.29313768177083
11620,16011,0.232556143968412,2.74773084474333,17.6106527699846,-0.124263835924037
11650,16041,1.43351610860751,40.0319988213032,16.7384685978111,-0.872184172173508
11686,16077,2.09081043183044,18.2581756450814,15.9514104669614,-0.787058130849614
11721,16112,1.78734961974592,-8.67030891670038,15.063157305136,-0.888253161825416
11757,16148,0.354313575617727,-39.8065567813388,14.3472472599845,-0.715910045151512
11787,16178,0.840464817342066,16.2050413908113,14.1366567232597,-0.210590536724824
11819,16210,1.23078766050337,12.1975888487906,14.5086497636174,0.371993040357717
11846,16237,1.46187538825094,8.5588047313917,15.0940632957341,0.585413532116689
11891,16282,0.790826206128352,-14.9122040471687,15.8821393294915,0.788076033757429
11923,16314,0.880780830920341,2.81108202474966,16.4876458632938,0.60550653380227
11955,16346,0.570247279283044,-9.70417348866554,16.8366780031053,0.349032139811523
11989,16380,0.382695170053594,-5.51623850674852,16.9765693828042,0.139891379698852
12024,16415,0.229389493138675,-4.38016219756911,17.2213668749178,0.244797492113673
12053,16444,0.0644828289457934,-5.68643669630627,17.2511497389899,0.0297828640720752
12089,16480,0.201057570924896,3.79374283275286,17.180541526079,-0.0706082129109298
12122,16513,0.620665612677823,12.7153952046341,16.9503050751816,-0.23023645089738
12155,16546,1.7281328551215,33.5596134073843,16.5777692756108,-0.372535799570795
12189,16580,2.27944708826518,16.2151245042258,16.4673776704861,-0.11039160512469
12223,16613,1.19525280459716,-32.8543722323643,16.3119501696725,-0.155427500813673
12255,16645,0.338155742308401,-26.7842831965237,16.1203071326921,-0.191643036980345
12289,16680,0.76945111636328,12.3227249729966,15.9528308934595,-0.167476239232609
12326,16716,0.794729545729583,0.70217859350841,16.1047672711251,0.151936377665631
12359,16750,0.961808223562232,4.9140787597838,16.4982220481758,0.393454777050653
12395,16785,0.797893227913201,-4.68328558997232,16.7221250541437,0.223903005967962
12428,16819,0.595540563909658,-5.95154894128067,16.668936845211,-0.0531882089327524
12462,16853,0.392899349025918,-5.96003573187469,16.6541126410937,-0.0148242041173106
12496,16887,0.270291366279264,-3.60611713960749,16.6493714081215,-0.00474123297221141
12529,16920,0.0880526305582454,-5.52238593093994,16.6164891282495,-0.0328822798719486
12562,16953,0.108466949085121,0.618615712935619,16.5222578760502,-0.0942312521993571
12595,16986,0.358112461891196,7.56501553957804,16.4448146964933,-0.0774431795568589
12633,17024,0.849732043353146,12.9373574068934,16.5803453474389,0.135530650945576
12666,17057,1.83907416873103,29.9800644053904,16.8821472494902,0.301801902051281
12702,17092,1.51241141877058,-9.33322142744136,17.109836658775,0.227689409284814
12735,17125,0.448561331475241,-32.2378814331922,17.1440725130571,0.034235854282084
12772,17163,0.498834459689937,1.32297705828147,16.9896406470212,-0.154431866035893
12808,17198,0.910130627575798,11.7513190824532,16.7519120830459,-0.23772856397531
12837,17228,1.19462086672364,9.48300797159459,16.8970140085961,0.145101925550289
12867,17258,1.29970617195333,3.50284350765661,17.2684352409254,0.371421232329237
12908,17298,0.710488032000827,-14.7304534988127,17.2266541769757,-0.0417810639497063
12938,17329,0.650875799787888,-1.92297523267544,17.0464566983729,-0.180197478602775
12970,17361,0.398816592350519,-7.87685023241778,17.0270021366297,-0.0194545617431707
13004,17394,0.175022286244164,-6.78164563958653,17.1170863386092,0.0900842019795007
13035,17426,0.0572572686212405,-3.68015680071636,17.2045388043586,0.0874524657494078
13064,17455,0.222844324266938,5.7098984705413,17.3651694895666,0.160630685208002
13098,17489,0.389277314277116,4.89508794147583,17.2612702737769,-0.103899215789767
13128,17519,1.17846690697211,26.3063197564999,16.9964704060425,-0.264799867734329
13163,17554,1.64621785392105,13.3643127699696,17.0760375539986,0.0795671479560518
13196,17587,1.63628600566759,-0.300965098589658,16.9655021163589,-0.110535437639733
13230,17620,0.598103984272781,-31.4600612543881,16.8392766924677,-0.126225423891167
13259,17650,0.558570798138824,-1.31777287113189,16.5766431638954,-0.262633528572277
13294,17685,0.808241066216163,7.1334362307811,16.4751780995593,-0.101465064336161
13324,17715,1.1462948674797,11.268460042118,16.6926383140862,0.217460214526984
13368,17759,0.79912157481085,-7.89030210611025,16.923516549874,0.230878235787763
13398,17789,0.847321774598896,1.6066733262682,17.0286965585862,0.105180008712171
13435,17826,0.465767270450314,-10.3122838959076,17.0338991414541,0.00520258286794473
13464,17855,0.345610410113733,-4.14334001160626,16.9262672644173,-0.107631877036805
13502,17892,0.111305332015707,-6.33256967832503,16.851999152619,-0.0742681117983643
13529,17919,0.100311860936201,-0.407165595537265,16.774386936614,-0.0776122160049226
13563,17953,0.227078303844227,3.72842479141255,17.1443776926766,0.369990756062567
13599,17990,0.346280818125757,3.22168957517649,17.2282560793217,0.0838783866450648
13631,18022,1.35452452795736,31.5076159322377,17.1818916162939,-0.0463644630277749
13665,18056,1.87935138176389,15.436083935486,17.1754087606841,-0.0064828556097396
13701,18092,1.60276801183825,-7.68287138682327,17.4878848156393,0.312476054955155
13731,18122,0.793539480789527,-26.9742843682908,17.5565763141139,0.0686914984745997
13768,18159,0.380560690368378,-11.1615889303013,17.37745316084,-0.17912315327391
13803,18194,0.669888173034328,8.26649950474143,17.1882159591873,-0.189237201652741
13846,18237,0.640470025328689,-0.684142969898576,17.1774210612688,-0.0107948979184549
13878,18269,1.68860804546467,32.7543131292495,17.4396537986071,0.262232737338309
13915,18305,0.618743952404079,-29.7184470294609,17.5366667827883,0.0970129841812231
13947,18337,0.47986305075486,-4.34002817653809,17.3224224066959,-0.214244376092417
13984,18374,0.304792201305077,-4.73164457972389,17.4080309340098,0.0856085273138625
14014,18405,0.270201765695128,-1.11582050354671,17.4905810967304,0.0825501627206151
14050,18441,0.098610898337302,-4.76641298216185,17.4537651679558,-0.0368159287745655
14081,18471,0.0525391517161261,-1.53572488737253,17.1313464564233,-0.322418711532478
14112,18502,0.535247089905648,15.5712238125652,17.1067429349172,-0.0246035215061049
14144,18535,1.33446830399997,24.2188246695251,17.3686991545025,0.261956219585247
14179,18569,1.77844763637273,13.0582156580223,17.6288124235204,0.260113269017868
14214,18604,1.05133593514264,-20.7746200351456,17.8303904207183,0.201577997197941
14247,18638,0.155341060127683,-26.3527904416163,17.5505518377668,-0.279838582951502
14282,18673,0.63824053818414,13.7971279444702,17.1986585280805,-0.351893309686282
14319,18710,0.775155329212833,3.70039975753224,17.0307328622042,-0.167925665876304
14349,18740,1.1543587837463,12.6401151511155,17.2084828469689,0.177749984764663
14382,18773,0.988212728710652,-5.03472894047408,17.2746717294017,0.0661888824328187
14419,18810,0.705566520467233,-7.6390867092816,17.4096158374401,0.134944108038393
14454,18845,0.603839008021352,-2.90650035559659,17.2918343521235,-0.117781485316616
14506,18897,0.298389762980894,-5.87402394308574,17.1729376458591,-0.118896706264355
14543,18934,0.0222444691616606,-7.46338631943873,17.177554006576,0.00461636071688432
14574,18965,0.119080832621094,3.12375365998172,17.1079297165167,-0.0696242900593056
14613,19003,0.568888064389884,11.8370324149682,16.8839227990291,-0.224006917487557
14644,19035,1.62510483329053,33.0067740281452,17.2205262394576,0.336603440428505
14678,19069,1.98054554031471,10.4541384418876,17.3686659422007,0.148139702743066
14710,19100,1.49735857727904,-15.586676226957,17.6758762402082,0.307210298007508
14744,19135,0.178319440891829,-37.6868324682061,17.4508352779635,-0.225040962244726
14777,19168,0.787323855896504,18.4546792425659,17.1149082824234,-0.335926995540039
14812,19202,0.86847769560755,2.38687763856015,17.0181833268977,-0.0967249555257474
14847,19238,0.944394281311236,2.10879404732462,17.1760912535305,0.157907926632802
14884,19274,0.85986819401194,-2.34794686942488,17.248800578324,0.0727093247935109
14917,19308,0.72655268533919,-3.92104437272795,17.2819247331247,0.0331241548006567
14951,19341,0.574575299998595,-4.60537531335137,17.188085746044,-0.0938389870806553
14984,19374,0.360593786956587,-6.48428827400024,17.3999793462365,0.211893600192489
15019,19410,0.183206034176401,-4.92743757722739,17.1930823002407,-0.206897045995834
15052,19442,0.0119976218681742,-5.35026288463208,17.1771461660069,-0.0159361342337938
15094,19485,0.121792135179913,2.5533607746916,17.2469024443955,0.0697562783886241
15115,19506,1.08084858441052,45.6693547252672,17.5479793503289,0.301076905933375
15149,19540,1.396099005836,9.27207121839628,17.8214714879129,0.273492137584022
15182,19573,1.84711244520781,13.667073920358,18.060826869331,0.239355381418115
15215,19605,1.51240251480834,-10.4596853249835,18.0845874767139,0.0237606073828616
15250,19640,0.393982853856576,-31.9548474557646,17.9990998695068,-0.0854876072070994
15286,19677,0.517750214336778,3.34506379676221,17.4457688303102,-0.553331039196603
15318,19709,0.851333265713525,10.4244703555233,17.2126404400484,-0.233128390261783
15354,19745,0.950653253641891,2.75888855356574,17.3124980105434,0.0998575704949971
15388,19778,0.984962631746448,1.03967812438053,17.3263909253219,0.013892914778566
15422,19812,0.967331252873864,-0.51856996684071,17.6220138072957,0.295622881973799
15453,19844,0.727627831379915,-7.49073192168593,17.5646729108322,-0.057340896463586
15488,19878,0.381566838905156,-10.1782644845517,17.4242099608733,-0.140462949958817
15521,19912,0.36817550363,-0.393862802210489,17.1016042985417,-0.322605662331604
15554,19945,0.166928041103155,-6.09840795535892,17.2076453185915,0.106041020049759
15588,19979,0.0835628468272759,-2.45191747870233,17.3383455438998,0.130700225308328
15620,20011,0.308463428822847,7.0281431873616,17.3599476681002,0.0216021242003634
15652,20042,1.1492928749686,27.1235305208307,17.3160800968011,-0.0438675712990921
15684,20075,1.87063209447958,21.8587642276056,17.8395755127438,0.523495415942655
15718,20109,1.90800517478808,1.09920824436751,18.1592606951521,0.319685182408321
15754,20145,0.59543275072659,-36.4603451128192,18.2362680752133,0.0770073800611755
15786,20176,0.422358431064375,-5.58304256974885,17.9308960864422,-0.305371988771036
15824,20215,0.693499720763511,6.95234076151631,17.571448526983,-0.359447559459213
15873,20264,1.33099078959094,13.0100218128047,17.7504872478446,0.17903872086163
15914,20305,0.750103255510079,-14.1679886361185,17.8153894133531,0.0649021655084248
15944,20335,0.815612990685148,2.18365783916897,17.914093271617,0.0987038582638959
15979,20370,0.492676994659931,-9.22674274357763,17.7364792263549,-0.177614045262054
16006,20397,0.407298950770283,-3.16214977369067,17.6237747513156,-0.112704475039301
16042,20433,0.143681302106971,-7.32271246286977,17.5110853115322,-0.112689439783377
16076,20467,0.15589979262988,0.359367368320844,17.4746957918975,-0.036389519634735
16108,20499,0.351854528803777,6.12358550543428,17.4118553977551,-0.0628403941423628
16146,20537,0.845097997017183,12.9800912687738,17.4397628446412,0.0279074468860401
16179,20570,1.59895453005584,22.8441373648078,17.9157718237801,0.476008979138939
16215,20606,1.64933516167359,1.39946198938181,18.2264885818704,0.310716758090333
16243,20634,1.51356611860544,-4.84889439529081,18.6361868525336,0.409698270663188
16275,20666,0.444218846508419,-33.417102253032,18.5597843553657,-0.0764024971679582
16312,20703,0.421419271815529,-0.616204721429482,18.3395264510816,-0.220257904284079
16347,20738,0.659127838534489,6.79167333482744,18.0397716889164,-0.299754762165175
16388,20779,0.762566269385258,2.52288855733583,19.8182579197944,1.77848623087802
16422,20812,1.03767809479456,8.33672198210017,19.846340440048,0.0280825202535944
16452,20842,1.02043310039422,-0.574833146678248,19.9276601658534,0.0813197258053542
16485,20875,0.775334310893788,-7.42723604546752,19.9702309090168,0.0425707431634343
16520,20910,0.581041763056304,-5.55121565249954,20.0479970376451,0.0777661286282942
16555,20946,0.308668750779146,-7.56591700769884,17.2577497365912,-2.7902473010539
16590,20981,0.245199318520909,-1.81341235023534,17.3727882302737,0.115038493682537
16624,21014,0.0772997273210436,-5.08786639999591,17.3055048244667,-0.0672834058070748
16655,21046,0.544890599590356,14.612214758416,17.1484460344753,-0.157058789991421
16687,21078,1.69681750036951,35.9977156493485,16.5950345470668,-0.553411487408464
16723,21113,1.70085900162594,0.115471464469628,16.9576028303192,0.362568283252422
16756,21147,0.80456246005102,-26.3616629874978,17.1740272539986,0.216424423679346
16790,21181,0.335024127795666,-13.8099509486869,16.9606257392121,-0.21340151478643
16828,21219,0.738296424920037,10.612428871694,16.7531291627208,-0.207496576491341
16858,21249,0.971939089201536,7.78808880938331,16.8360727825189,0.0829436197980762
16890,21281,0.720654672378323,-7.85263802572542,16.9085807697997,0.072507987280872
16925,21316,0.609103981404122,-3.18716259926286,17.1721562399606,0.263575470160912
16959,21350,0.472166326264879,-4.02757809233068,17.0476495184795,-0.124506721481183
16992,21382,0.384797902375829,-2.73026324653283,17.2390662277165,0.191416709237028
17028,21419,0.193548349576705,-5.16890683240875,17.1789029818656,-0.0601632458508945
17057,21448,0.0914569779380838,-3.52039212546971,17.1629177150786,-0.0159852667869806
17090,21481,0.151272523558871,1.812592291539,17.3509763907993,0.18805867572069
17122,21512,0.146064508284153,-0.168000492732843,17.2445556097758,-0.106420781023527
17154,21545,0.7017007718381,16.8374625319378,17.0303793866916,-0.214176223084191
17187,21578,1.66330589383067,29.1395491512899,17.5098743354512,0.479494948759648
17220,21611,2.1475311319643,14.6734920646555,17.8270638818568,0.317189546405597
17260,21651,0.91601270329581,-30.7879607167122,17.8505301478331,0.023466265976257
17292,21683,0.316825587821007,-18.7245973585876,17.3593174030092,-0.491212744823933
17332,21723,0.567539890394235,6.26785756433071,17.1185475560843,-0.240769846924824
17363,21753,0.968443332726278,13.3634480777348,17.1479731754457,0.0294256193614082
17397,21788,1.05105888940638,2.36044447657443,17.4880133938189,0.340040218373129
17431,21822,1.0183496517494,-0.962036401675881,17.6250487766191,0.137035382800271
17463,21853,0.936318543193851,-2.64616479211459,17.7214089408397,0.0963601642205312
17497,21888,0.656859931302307,-7.98453176832984,17.7282020248933,0.0067930840536512
17529,21920,0.666909496154046,0.314048901616855,17.870458364893,0.142256339999719
17568,21959,0.293739122084305,-9.56847112999337,17.4773877807932,-0.393070584099824
17608,21999,0.147226195962729,-3.6628231530394,17.2720333475627,-0.205354433230525
17646,22037,0.412306939130048,6.97580903071892,17.3846954095769,0.112662062014234
17682,22073,1.5646419005975,32.009304485207,17.7630822331412,0.378386823564266
17719,22110,2.13621229669789,15.4478485432539,18.2137463156204,0.450664082479207
17765,22156,1.04866703395667,-23.6422883204613,18.4222351683161,0.208488852695734
17800,22191,0.13176976185603,-26.1970649171612,17.9542258302728,-0.468009338043302
17837,22228,0.664437623692906,14.396428698294,17.6593490695345,-0.294876760738372
17871,22262,0.960775336876369,8.71581509363127,17.8217922928362,0.162443223301715
17906,22296,1.05099728972681,2.65358684854232,17.7863807196164,-0.03541157321974
17939,22330,0.880549293932036,-5.01317634690506,17.9374891778559,0.151108458239477
17981,22371,0.580051652412321,-7.32921076877355,18.0186737297367,0.0811845518807388
18018,22409,0.800233723001203,5.79426501549689,17.8109648087044,-0.207708921032236
18052,22443,0.142170109389917,-19.3548121650378,17.8682868097539,0.0573220010495064
18107,22498,0.141970566143052,-0.00362805903392165,17.8409948106009,-0.0272919991530287
18145,22535,0.809930936119471,18.0529829723356,17.8631374029764,0.0221425923755163
18178,22568,1.52732118531981,21.7390984606162,18.3544613146045,0.491323911628047
18210,22601,1.7783557695875,7.60710861417263,18.5256353081112,0.171173993506734
18245,22635,1.13073587612865,-19.0476439252602,18.8582572441492,0.332621936038052
18279,22670,0.193111687895377,-26.7892625209508,18.5344470280791,-0.323810216070118
18313,22704,0.700105803456916,14.9115916341629,18.101938083667,-0.432508944412149
18349,22739,0.877297979447453,5.06263359972964,17.7969008039018,-0.305037279765227
18382,22773,1.06399131699373,5.49098051606702,17.8393311140641,0.0424303101623664
18414,22805,0.951658604261812,-3.51039727287251,17.8124928610557,-0.0268382530083997
18451,22842,0.646670015788292,-8.24293482360863,17.9111942013412,0.0987013402855226
18483,22873,0.595132427206272,-1.66250285748453,17.6595682682047,-0.251625933136534
18517,22907,0.344663047719595,-7.36674645549049,17.3192592395763,-0.340309028628422
18547,22937,0.293282254319108,-1.71269311334957,17.1669456892259,-0.152313550350335
18581,22972,0.132506871100074,-4.59358237768668,17.185640232793,0.0186945435670651
18617,23008,0.130028032787927,-0.0688566197818538,17.1889595948136,0.00331936202056937
18652,23043,0.763522588563298,18.0998444507249,16.927206076557,-0.261753518256608
18687,23078,1.59650335464744,23.7994504595468,17.7587102751575,0.831504198600488
18719,23110,2.16377680885902,17.7272954441121,17.9690595412681,0.21034926611059
18753,23144,1.02472907808338,-33.5014038463423,18.0528352576021,0.0837757163340846
18784,23175,0.233112604250667,-25.5360152849264,17.8886458616145,-0.164189395987609
18819,23209,0.7402057196029,14.9145033927127,17.5851331998071,-0.303512661807478
18857,23248,0.738705572133126,-0.0384653197377779,17.4181552454143,-0.166977954392738
18894,23285,0.917639757703995,4.83605906948295,17.6359182728621,0.217763027447742
18928,23319,0.944220289977248,0.781780360978032,17.7170941549042,0.0811758820421815
18962,23352,0.778787244594882,-5.01312258734445,17.8891460131674,0.172051858263149
18994,23385,0.537704320172235,-7.30554316432261,17.8100232667808,-0.0791227463866093
19032,23423,0.276638684182854,-6.87014831551003,17.7769187289717,-0.0331045378090309
19062,23453,0.182148202342808,-3.14968272800153,17.7124367487386,-0.0644819802331575
19096,23486,0.069399856661384,-3.41661653580074,17.5877508872716,-0.124685861467025
19129,23519,0.283055591972194,6.47441622153968,17.5212932269953,-0.0664576602762779
19162,23552,0.895393220098804,18.5556857008064,17.1497242887579,-0.371568938237381
19194,23585,1.80788409881065,27.6512387488438,17.8029907221845,0.653266433426634
19227,23618,2.14298334640308,10.1545226543161,18.1257929719452,0.322802249760699
19261,23652,0.786543424456768,-39.8952918219503,18.162615032539,0.0368220605938099
19295,23686,0.434471752756954,-10.3550491676416,17.7078035067931,-0.454811525745942
19329,23720,0.742807813947734,9.06870768208176,17.4976521427981,-0.210151363994953
19358,23749,1.07216307571768,11.3570779920671,17.5428037355162,0.0451515927180388
19393,23784,0.982726201734326,-2.55533925666722,17.854610498217,0.311806762700787
19441,23832,1.07535007169463,1.9296639575063,18.1111783974469,0.256567899229943
19473,23863,0.58545073337661,-15.8032044618716,17.9341662027511,-0.177012194695859
19508,23898,0.351279996592874,-6.69059247953532,17.792774766712,-0.141391436039029
19542,23933,0.155529789537004,-5.59286305873914,17.7602726917814,-0.0325020749306724
19576,23967,0.0698550400120989,-2.51984557426192,17.6784754059794,-0.0817972858019367
19609,24000,0.371085551114341,9.12819730612856,17.6348269700904,-0.0436484358890112
19642,24033,1.25142455873404,26.6769396248395,17.6606708987539,0.0258439286634591
19681,24072,1.81558680458435,14.4656986115462,19.4005450791047,1.73987418035088
19709,24100,2.09459142934871,9.96445088444143,19.2953508252677,-0.105194253837048
19744,24134,0.225614454936465,-54.9699110121248,18.8958056850362,-0.399545140231503
19778,24168,0.62865966111257,11.8542707698854,18.2895918817338,-0.606213803302428
19811,24202,0.898078685999368,7.92408896725877,17.872300647564,-0.417291234169817
19839,24230,1.20077987728467,10.8107568316179,18.0550569384525,0.18275629088858
19877,24268,0.76047611119339,-11.5869412129284,18.1171783939107,0.0621214554581684
19912,24303,0.647813029773833,-3.21894518341591,18.0110717293706,-0.106106664540064
19947,24338,0.501930625573877,-4.16806869142732,18.1920174915422,0.180945762171582
19982,24372,0.454904106139632,-1.38313292453661,18.1385657644817,-0.0534517270605477
20013,24404,0.329466713549503,-3.91991851844152,18.0834061364402,-0.0551596280414586
20046,24437,0.286813205375572,-1.2925305507252,18.096332428132,0.012926291691798
20085,24476,0.0628750081740758,-5.74200505644861,18.0737826156491,-0.0225498124828647
20115,24506,0.113127542202945,1.67508446762896,18.1247629530863,0.0509803374371209
20147,24538,0.474720666985086,11.2997851494419,17.8266940095976,-0.298068943488694
20181,24572,1.6534062645119,34.667223456671,17.8704941662002,0.0438001566026642
20212,24603,2.84834565164864,38.5464318431205,18.3563042926341,0.485810126433844
20246,24637,1.5493978810436,-38.2043461942657,18.6911876677014,0.334883375067324
20280,24670,0.360813894092449,-36.0176965742775,18.1773725653625,-0.513815102338945
20315,24705,0.110617189533459,-7.148477273114,18.1228830165701,-0.0544895487923256
20346,24737,0.214315994975991,3.24058767007913,18.1113299019686,-0.0115531146015577
20379,24769,0.118305989327224,-3.00031267652396,18.2031617612341,0.0918318592655325
20407,24798,0.0297801217183528,-3.05261612444384,18.1434076711914,-0.0597540900427305
20445,24836,0.0602656895610065,0.802251785332993,18.122375744824,-0.0210319263674137
20474,24864,0.101751100381555,1.48162181501957,18.2466204278689,0.124244683044918
20511,24901,0.0321108719673884,-1.882168335518,18.3065358001123,0.0599153722434487
20544,24934,0.00355926769024722,-0.865200129610339,18.2894282132741,-0.0171075868382076
20579,24970,0.0397470643121291,1.00521657283005,18.2553503993278,-0.0340778139463147
20610,25001,0.0214243054960791,-0.591056736001614,18.2234143935327,-0.0319360057950782
20642,25033,0.0446454898377484,0.725662010677165,18.1284422388743,-0.0949721546584392
20679,25069,0.0356201931371813,-0.250702686126864,18.1349454829938,0.00650324411947167
20713,25103,0.0670709416546254,0.925022015218947,18.1753838871341,0.0404384041403709
20746,25136,0.0619817026410574,-0.154219364047515,18.1318277071909,-0.0435561799432307
20781,25171,0.0438167697120322,-0.518998083686434,18.0504712784402,-0.0813564287507198
20810,25200,0.0121010287131847,-1.09364624133957,18.0836524481456,0.0331811697053865
20841,25232,0.0361186482058445,0.750550609145621,18.0413106258528,-0.0423418222928156
20874,25264,0.00489253674667192,-0.975815983099144,18.0467004520813,0.00538982622857986
20917,25308,0.0201040404984867,0.345715994359427,18.046124184882,-0.000576267199370761
20944,25335,0.0300651903259898,0.368931475092708,18.0455528862273,-0.000571298654698182
20979,25370,0.0164306257682515,-0.389558987363954,18.0350952069956,-0.0104576792316955
21016,25406,0.0169889701675311,0.0155095666466581,18.0533146951728,0.018219488177234
21054,25445,0.0366269852451589,0.503538848144302,18.0670970115499,0.0137823163771031
21087,25478,0.0484702662921855,0.358887304455351,18.0555135728248,-0.0115834387250899
21121,25511,0.0259029098098775,-0.683859287342666,18.0650545689433,0.0095409961185311
21154,25545,0.0221346563203962,-0.110830984984744,18.1182169961752,0.0531624272318894
21187,25578,0.0309214586270236,0.266266736564467,18.1275612458083,0.00934424963305958
21222,25613,0.00744124864507863,-0.670863142341285,18.1281040788596,0.000542833051252245
21255,25645,0.0518004431477734,1.38622482820921,18.106668191937,-0.0214358869225926
21286,25677,0.0227373758650556,-0.90822085258493,18.0978159997263,-0.00885219221064659
21321,25712,0.0130946779098981,-0.275505655861643,18.0531709631317,-0.0446450365946269
21373,25764,0.0302359965657201,0.329640743381194,18.0334383342487,-0.0197326288829949
21411,25802,0.0427375543769922,0.328988363454527,18.1084276870339,0.0749893527852556
21446,25836,0.0152915886711731,-0.807234285465266,18.0981686452058,-0.0102590418281743
21478,25869,0.0307211489279651,0.467562432024,18.0337811770602,-0.0643874681455756
21515,25906,0.0252795155823617,-0.147071171502796,18.0660112458402,0.0322300687799952
21548,25938,0.033587585891349,0.259627197155855,18.0580089562864,-0.00800228955376525
21582,25973,0.0376595673273706,0.116342326743473,17.9820753055989,-0.0759336506875385
21613,26004,0.0273612589610139,-0.332203495688927,18.0287285884731,0.0466532828741926
21649,26040,0.0404145440180994,0.362591251585708,18.0524758709054,0.0237472824323639
21680,26071,0.0380691141621462,-0.0756590276113922,18.0057909706906,-0.0466849002148315
21709,26100,0.0227522833359467,-0.528166580213775,17.9803961758052,-0.0253947948854467
21743,26134,0.0239690163127257,0.0357862640229114,18.0212521428278,0.0408559670226225
21777,26167,0.0281033645620077,0.12528328028127,18.0547638413279,0.0335116985001385
21813,26203,0.0319266386079307,0.106202056831196,18.009939788735,-0.0448240525929471
21845,26236,0.066020712894878,1.03315376627113,18.0309576098034,0.0210178210684475
21879,26270,0.0416143439971442,-0.717834379345112,17.9958852555879,-0.035072354215508
21919,26310,0.0302698178194101,-0.283613154443353,17.8968049321315,-0.099080323456409
21977,26368,0.0516636698605061,0.368859517949931,17.9167831647581,0.0199782326266025
22006,26397,0.0288404579400632,-0.78700730760148,17.9503924269873,0.0336092622291666
22041,26432,0.0744797792762001,1.30398060960391,17.9881093990386,0.0377169720513493
22073,26463,0.0620359872826076,-0.401412644954598,17.9797951211313,-0.00831427790737749
22105,26496,0.0860465392825869,0.727592484847856,17.9407320010488,-0.0390631200824778
22144,26535,0.0535004489487068,-0.834515136766156,17.8829114128064,-0.0578205882423646
22177,26567,0.119588842722531,2.06526230543201,17.8620936971755,-0.0208177156308942
22209,26599,0.117907227690491,-0.0525504697512467,17.9146560693475,0.0525623721720052
22245,26636,0.0971342222659929,-0.561432579040496,17.8609734677186,-0.0536826016288998
22276,26667,0.124374749026943,0.87872666970806,17.8571651527071,-0.00380831501149004
22306,26697,0.167577352892244,1.44008679551003,17.6569201522365,-0.200245000470623
22346,26737,0.126538774257854,-1.02596446585975,17.6637655287746,0.0068453765380454
22375,26765,0.185713640014697,2.11338806274442,17.6625904468385,-0.0011750819360401
22410,26801,0.181790220602047,-0.108983872573627,17.5259357292236,-0.136654717614956
22448,26839,0.160742143932371,-0.553896754465161,17.497035122509,-0.0289006067145081
22484,26874,0.204016223771423,1.23640228111578,17.4774264136657,-0.0196087088433075
22518,26909,0.204275892845389,0.00741911639902036,17.6157439708002,0.138317557134464
22554,26945,0.263304045271843,1.63967090073484,17.3284582020858,-0.287285768714405
22584,26975,0.323904915307213,2.02002900117901,17.2750712757093,-0.0533869263764579
22619,27009,0.316931386555501,-0.205103786815061,17.385222178653,0.110150902943619
22655,27046,0.403263607623276,2.33330327210204,17.3971059952473,0.0118838165943451
22687,27078,0.362980232033813,-1.25885548717072,17.4395423317513,0.0424363365039717
22721,27112,0.604045245828081,7.09014746453729,17.2511571479628,-0.188385183788522
22755,27145,0.665552394401709,1.86385298707963,17.1127391359516,-0.138418012011122
22787,27178,0.792631347423351,3.85087736429219,18.0459520832589,0.933212947307226
22822,27212,1.0267825971338,6.88680146207188,18.1353234065606,0.0893713233017408
22854,27245,1.25111325587085,6.79789874960786,17.7425406955314,-0.392782711029177
22889,27279,1.42876786969988,5.22513570085372,18.3682613318574,0.625720636325958
22923,27314,1.60285332716779,4.97387021336876,16.9674902370343,-1.40077109482309
22959,27350,1.55447907968067,-1.3437290968644,17.4120591316787,0.444568894644434
22991,27382,1.95551024912604,12.5322240451677,338.859321892752,321.447262761074
23027,27418,1.43503241260865,-14.4577176810386,336.589274492475,-2.27004740027724
23060,27451,1.75154770911552,9.5913726214205,335.321172775372,-1.26810171710264
23095,27486,1.60730220967202,-4.12129998409996,335.360106288243,0.0389335128701873
23126,27517,1.63179638138279,0.790134571315013,332.334594651438,-3.02551163680482
23164,27554,1.23708054284052,-10.6679956362776,331.700634306268,-0.633960345169783
23207,27598,1.55395827015126,7.20176652978955,332.977470349692,1.27683604342428
23241,27632,0.628310992500843,-27.2249199308945,333.162950709406,0.185480359713324
23278,27669,0.39548928035359,-6.29247870668251,333.814658595991,0.651707886585314
23312,27703,0.34443160897743,-1.50169621694588,333.799028171765,-0.015630424226174
23346,27736,0.324826836290598,-0.594084020813072,333.698923161505,-0.100105010260222
23379,27770,0.25233719573